<?xml version="1.0" encoding="UTF-8"?>
<beans xmlns="http://www.springframework.org/schema/beans"
	xmlns:xsi="http://www.w3.org/2001/XMLSchema-instance"
	xmlns:aop="http://www.springframework.org/schema/aop"
	xmlns:context="http://www.springframework.org/schema/context"
	xmlns:jdbc="http://www.springframework.org/schema/jdbc"
	xmlns:mybatis-spring="http://mybatis.org/schema/mybatis-spring"
	xmlns:tx="http://www.springframework.org/schema/tx"
	xsi:schemaLocation="http://www.springframework.org/schema/jdbc http://www.springframework.org/schema/jdbc/spring-jdbc-4.2.xsd
		http://mybatis.org/schema/mybatis-spring http://mybatis.org/schema/mybatis-spring-1.2.xsd
		http://www.springframework.org/schema/beans https://www.springframework.org/schema/beans/spring-beans.xsd
		http://www.springframework.org/schema/context http://www.springframework.org/schema/context/spring-context-4.2.xsd
		http://www.springframework.org/schema/aop http://www.springframework.org/schema/aop/spring-aop-4.2.xsd
		http://www.springframework.org/schema/tx http://www.springframework.org/schema/tx/spring-tx-4.2.xsd">
	
	<!-- Root Context: defines shared resources visible to all other web components -->
	<aop:aspectj-autoproxy></aop:aspectj-autoproxy>
	
	<bean class="org.springframework.jdbc.datasource.DriverManagerDataSource" id="dataSource">
		<property name="driverClassName" value="oracle.jdbc.OracleDriver"></property>
		<property name="url" value="jdbc:oracle:thin:@localhost:1521:xe"></property>
		<property name="username" value="dw5"></property>
		<property name="password" value="dw5"></property>
	</bean>
	
	<bean class="org.mybatis.spring.SqlSessionFactoryBean" id="sqlSessionFactory">
		<property name="dataSource" ref="dataSource"></property>
		<property name="configLocation" value="classpath:/mybatis-config.xml"></property>
		<property name="mapperLocations" value="classpath:mappers/**/*Mapper.xml"></property>
	</bean>
	
	<bean class="org.mybatis.spring.SqlSessionTemplate" id="sqlSession" destroy-method="clearCache">
		<constructor-arg name="sqlSessionFactory" ref="sqlSessionFactory"></constructor-arg>
	</bean>
	
	<bean id="transactionManager"
		class="org.springframework.jdbc.datasource.DataSourceTransactionManager">
		<property name="dataSource" ref="dataSource"></property>
	</bean>
   
   	<tx:annotation-driven/>
	
	<context:component-scan base-package="kr.co.shop.customer.service"></context:component-scan>
	<context:component-scan base-package="kr.co.shop.customer.repository"></context:component-scan>
	<context:component-scan base-package="kr.co.shop.manager.service"></context:component-scan>
	<context:component-scan base-package="kr.co.shop.manager.repository"></context:component-scan>
	<context:component-scan base-package="kr.co.shop.product.service"></context:component-scan>
	<context:component-scan base-package="kr.co.shop.product.repository"></context:component-scan>
	<context:component-scan base-package="kr.co.shop.review.service"></context:component-scan>
	<context:component-scan base-package="kr.co.shop.review.repository"></context:component-scan>
	<context:component-scan base-package="kr.co.shop.order.service"></context:component-scan>
	<context:component-scan base-package="kr.co.shop.order.repository"></context:component-scan>
	<context:component-scan base-package="kr.co.shop.delivery.service"></context:component-scan>
	<context:component-scan base-package="kr.co.shop.delivery.repository"></context:component-scan>
	<context:component-scan base-package="kr.co.shop.refund.service"></context:component-scan>
	<context:component-scan base-package="kr.co.shop.refund.repository"></context:component-scan>
	<context:component-scan base-package="kr.co.shop.deletedmember.service"></context:component-scan>
	<context:component-scan base-package="kr.co.shop.deletedmember.repository"></context:component-scan>
			
		
</beans>
